"Accuracy","Kappa","AUC","Sensitivity","Specificity","F1_Score"
0.586921333764972,0.00677877493533171,0.539571643167114,0.59096472682764,0.457142857142857,0.735086505190311
